GeoAreaCode,GeoAreaName,mean_usage,std_usage,min_usage,max_usage,trend_slope,trend_strength,trend_significant,volatility,acceleration,last_3yr_avg,recent_change,skewness,kurtosis,range,consistency,improvement_ratio,final_value,category,predicted
1,World,15.683478260869563,0.9669944471761794,14.7,17.9,0.10614624505928853,0.554267153175617,True,0.021387985335719572,0.01533088650479954,17.783333333333335,0.019999999999999574,1.3589497877441636,0.9668886508822814,3.1999999999999993,0.9383431129822241,1.1394016549968171,17.9,Sedang,Sedang
2,Africa,47.95130434782609,2.115880011093226,45.09,52.11,-0.2595355731225296,0.6921011094490035,True,0.015960477062172955,0.025048277809147385,47.449999999999996,-0.9600000000000009,0.5956953589385455,-0.7908390928789166,7.019999999999996,0.9558744013354633,0.9053924390711956,47.18,Tinggi,Tinggi
4,Afghanistan,24.928260869565225,10.55743497264279,12.61,45.6,-1.2116600790513836,0.6059022985298574,True,0.1368995890687098,0.13681366459627353,19.403333333333332,1.8099999999999987,0.94049220944748,-0.5668306138744148,32.99,0.5764873037921268,0.4449877750611247,20.02,Sedang,Sedang
5,South America,34.69565217391303,1.7024896904959688,32.26,39.56,0.1288833992094862,0.26362270613330396,True,0.03324074868154508,0.011548560135516597,37.7,-2.6700000000000017,0.9414310482503786,1.5945879602814808,7.300000000000004,0.9509307482689131,1.117878787878788,36.89,Tinggi,Tinggi
8,Albania,38.013043478260876,3.3103466376891824,31.62,44.4,0.27960474308300387,0.328170814586142,True,0.0679898391625715,0.03866007905138317,43.35,-0.6599999999999966,-0.016142907375873712,-0.14374286554830285,12.779999999999998,0.9129155065002275,1.0575435203094778,43.74,Tinggi,Tinggi
9,Oceania,12.918695652173913,1.5512115626996095,10.98,17.03,0.18262845849802375,0.6376064061986192,True,0.04403794364749282,0.019844720496894477,15.9,2.2200000000000006,0.9787984176739454,0.9667047480626412,6.050000000000001,0.8799250632985864,1.3462450592885375,17.03,Sedang,Sedang
11,Western Africa,60.87173913043479,4.332446980396259,54.02,66.58,-0.5693577075098815,0.7944411415340679,True,0.02338534757526253,-0.026588650479955095,54.86666666666667,-2.3699999999999974,-0.2692158384266773,-1.5371496835689447,12.559999999999995,0.9288266272282318,0.8123308270676692,54.02,Tinggi,Tinggi
12,Algeria,0.26782608695652177,0.1592869486675235,0.06,0.58,-0.02022727272727273,0.7417748529978254,True,0.2816683380032329,0.0008472614342179587,0.14,0.0,0.428001486066103,-1.2193482156181097,0.52,0.40525976958554544,0.3488372093023256,0.15,Rendah,Rendah
13,Central America,17.34913043478261,1.5506389095040745,16.03,21.27,0.1201976284584981,0.27639378608394477,True,0.047302428075785344,0.029002823263692835,21.033333333333335,0.23000000000000043,1.8702090690006066,2.4789120296002496,5.239999999999998,0.9106215198892471,1.164451827242525,21.03,Sedang,Sedang
14,Eastern Africa,85.23652173913044,2.480891717793225,81.15,88.11,-0.3433201581027668,0.8809288250721253,True,0.006995694581523229,-0.014409373235460557,81.77666666666667,-1.6699999999999875,-0.4185115871244743,-1.4770266241834493,6.959999999999994,0.9708940291418028,0.9326514193770831,81.15,Tinggi,Tinggi
15,Northern Africa,11.737826086956522,1.9202271563582807,9.63,15.12,-0.2525,0.7953813106060064,True,0.0386340961793623,0.01756267645398085,10.53,-0.21999999999999886,0.6966685948972211,-1.1374368101138108,5.489999999999998,0.8364069170787849,0.6931216931216931,10.48,Rendah,Rendah
16,American Samoa,0.17130434782608697,0.22531401013264873,0.0,0.57,0.02875494071146245,0.7492148731375133,True,0.0,0.0019361942405420691,0.49666666666666665,-0.010000000000000009,0.9176468145264196,-0.9377180959658964,0.57,-0.3152848307235838,1.0,0.49,Rendah,Rendah
17,Middle Africa,80.04913043478261,4.803138096403488,73.37,88.23,-0.5871146245059287,0.6873112962836302,True,0.022725532989878224,0.05138509316770178,77.75,-3.8700000000000045,0.43878999574835187,-1.0346829886731874,14.86,0.9399976230807818,0.8616780045351473,76.0,Tinggi,Tinggi
18,Southern Africa,9.521739130434783,1.5733133889225142,7.85,13.23,-0.13927865612648216,0.3604927127601885,True,0.0494007643053288,0.030657538114059937,9.979999999999999,0.39000000000000057,1.1909811782438198,0.6440499586329897,5.380000000000001,0.8347661737661287,0.7755102040816326,10.26,Rendah,Rendah
19,Americas,14.608260869565218,2.1866654816989626,11.13,18.35,0.3183794466403162,0.975176394917806,True,0.03049627042329553,-0.00019875776397523348,18.05666666666667,-0.23000000000000043,0.008876876276377519,-1.0339938449904018,7.220000000000001,0.8503130864636562,1.547395388556789,18.12,Sedang,Sedang
20,Andorra,17.7,1.4821575183127162,14.51,20.89,0.16931818181818187,0.6003110002306142,True,0.06317940381320096,-0.013117165443252478,19.34,-2.150000000000002,-0.12931053142805662,-0.012006072716780114,6.380000000000001,0.9162622871009765,1.291523087525844,18.74,Sedang,Sedang
21,Northern America,9.576086956521738,2.0065296571000726,6.47,12.77,0.2925889328063241,0.9780981899661136,True,0.041741477787411004,0.000326369282890984,12.573333333333332,0.23000000000000043,-0.020094414947205735,-1.3052953248000456,6.3,0.7904645534015815,1.771151178918169,12.77,Sedang,Sedang
24,Angola,56.70565217391304,8.74248551411021,46.78,73.84,-1.0101383399209485,0.6141149912934665,True,0.07261055917152752,0.11012817617165492,53.723333333333336,-10.990000000000002,0.747580898650178,-0.7587568641720308,27.060000000000002,0.8458269117988891,0.6714517876489707,49.58,Tinggi,Tinggi
28,Antigua and Barbuda,0.24956521739130433,0.33971215436908786,0.0,0.92,0.043903162055335974,0.7682936825104938,True,0.0,0.0037168266516092664,0.9,-0.040000000000000036,1.0608592962687275,-0.46857344470686435,0.92,-0.3612159495625473,1.0,0.88,Rendah,Rendah
29,Caribbean,20.996521739130436,2.122360625460699,17.89,25.39,-0.12113636363636365,0.1498540679846806,False,0.05759502261149481,0.03418435911914176,20.84,-3.460000000000001,0.6023853880611888,-0.4330240396402498,7.5,0.8989184660283358,0.7577786530129972,19.24,Sedang,Sedang
30,Eastern Asia,13.17782608695652,2.9585146096736072,9.9,19.94,-0.2589624505928854,0.3524390221298545,True,0.052823295284177084,0.057970920383963995,13.463333333333333,0.9100000000000001,1.172669312401272,0.45005651183482964,10.040000000000001,0.775492969010878,0.7026078234704112,14.01,Sedang,Sedang
31,Azerbaijan,2.5069565217391307,0.8518772573910393,1.27,4.45,-0.0651086956521739,0.2687087283933403,True,0.18762392983302625,-0.014288819875776432,1.2933333333333334,-0.020000000000000018,0.4036743467437087,-0.4031094021189281,3.18,0.6601946423865088,0.6135265700483092,1.27,Rendah,Rendah
32,Argentina,10.849130434782607,1.1584429716550895,8.86,13.5,-0.04234189723320158,0.061453856387233614,False,0.08187942282954744,0.01616741953698476,10.633333333333333,-0.5099999999999998,0.6598533952038944,0.6460964425639046,4.640000000000001,0.8932225049169756,0.9328558639212176,10.42,Rendah,Rendah
34,Southern Asia,32.12,4.068470787096124,27.84,39.45,-0.5679644268774704,0.8964740007816263,True,0.01844624017811035,0.029686053077357433,28.459999999999997,-1.0900000000000034,0.6730299332530962,-1.0938354866068254,11.610000000000003,0.8733352806009924,0.7117870722433459,28.08,Sedang,Sedang
35,South-Eastern Asia,23.735652173913042,3.0506285881124064,19.55,30.21,-0.43072134387351785,0.9170055127487513,True,0.03205624727279604,0.01586420101637496,20.723333333333333,0.23000000000000043,0.5122550101064823,-0.6279109617014265,10.66,0.8714748360078668,0.6832174776564052,20.64,Sedang,Sedang
36,Australia,8.833043478260869,1.821691109388119,6.68,13.5,0.21666996047430828,0.6507373917908046,True,0.06701679839609659,0.023167419536984767,12.336666666666666,2.33,0.912440940260588,0.7032915790654961,6.82,0.7937640504236723,1.6033254156769596,13.5,Sedang,Sedang
39,Southern Europe,14.635217391304348,4.460673481116763,8.5,20.99,0.6314723320158103,0.9218613698750954,True,0.07542671170858192,-0.008164596273292064,20.38333333333333,-1.4399999999999977,-0.15880685643696366,-1.6634299532905477,12.489999999999998,0.6952096192457575,2.236842105263158,19.55,Sedang,Sedang
40,Austria,30.92782608695652,4.66735077330885,22.56,36.88,0.6319169960474307,0.8432124719137385,True,0.04373031130027079,-0.015653303218520716,36.343333333333334,1.1099999999999994,-0.5036744630646937,-1.232698149482823,14.320000000000004,0.8490889479206799,1.3953840332954976,36.88,Tinggi,Tinggi
44,Bahamas,1.3582608695652174,0.6713937482710062,0.0,3.54,0.002835968379446642,0.0008207407829003583,False,0.0,-0.009746753246753267,1.18,-0.45999999999999996,1.082040874442918,4.812358864934005,3.54,0.5056960240002195,1.0,1.0,Rendah,Rendah
48,Bahrain,0.007826086956521738,0.01881887875587859,0.0,0.08,0.0017391304347826085,0.39285714285714285,True,0.0,0.0002721626199887076,0.04666666666666667,0.06,3.033075581871362,10.041283254373182,0.08,-1.4046345076955977,1.0,0.08,Rendah,Rendah
50,Bangladesh,39.9304347826087,11.275822275301689,24.33,60.18,-1.6534189723320158,0.9890704363784945,True,0.026834022055234902,0.015619424054206807,25.22666666666667,-2.3100000000000023,0.14051369393832638,-1.2777609935266647,35.85,0.7176133358755021,0.40428713858424725,24.33,Sedang,Sedang
51,Armenia,8.979565217391306,2.324614295007531,5.42,13.26,0.22664031620553357,0.43725054381436823,True,0.2270503835602599,0.011171654432523987,10.673333333333332,-0.16000000000000014,0.39994944926989845,-1.055681296952136,7.84,0.7411217315393734,1.4385474860335197,10.3,Rendah,Rendah
52,Barbados,6.45304347826087,2.8000429132792823,2.98,11.87,-0.3407707509881424,0.6813230465007346,True,0.19268904808811396,0.02528514963297578,5.136666666666667,1.12,0.2531519091402873,-1.2959511374449577,8.889999999999999,0.5660895633646174,0.4751474304970514,5.64,Rendah,Rendah
53,Australia and New Zealand,11.42869565217391,1.6641440725102938,9.39,15.78,0.20368577075098812,0.6891239889936284,True,0.05116843110839755,0.019373517786561274,14.586666666666666,2.33,0.929005838453589,0.7736994555261507,6.389999999999999,0.8543889763838668,1.4503676470588234,15.78,Sedang,Sedang
54,Melanesia,44.599130434782595,4.0785190193628305,39.14,54.22,-0.5546837944664031,0.8508319765622786,True,0.029713710865805952,0.026523433088650364,41.07333333333333,0.6700000000000017,0.7416830619582705,-0.005131990971116718,15.079999999999998,0.9085516022486838,0.7548874953891553,40.93,Tinggi,Tinggi
56,Belgium,6.606086956521739,3.9296619553091268,1.48,13.14,0.5719664031620554,0.9745149050584037,True,0.08533219470787799,0.003480237154150154,12.450000000000001,0.7200000000000006,0.07668039423126312,-1.4791074783968203,11.66,0.40514528779709147,8.878378378378379,13.14,Sedang,Sedang
57,Micronesia,5.75608695652174,1.1211063493889937,4.27,8.05,0.15704545454545454,0.9026407771472877,True,0.06430093191762963,0.00565810276679842,7.636666666666667,0.5000000000000009,0.5816426964797501,-0.8750025883287371,3.780000000000001,0.805231165224361,1.8852459016393446,8.05,Rendah,Rendah
60,Bermuda,0.6291304347826088,0.26493417781984097,0.42,1.47,0.02116600790513834,0.29360250968700063,True,0.5761530905510301,0.0010801806888763423,0.9,-0.020000000000000018,1.8428778715950724,3.5008812775772054,1.05,0.5788883144536046,1.934782608695652,0.89,Rendah,Rendah
61,Polynesia,11.948695652173912,1.4754608042846267,10.39,17.05,-0.16135375494071147,0.5501240491100501,True,0.06367541528213996,0.01590033879164316,10.896666666666667,-0.9399999999999995,1.9931278130346328,5.585344822102806,6.66,0.8765169984042412,0.6263929618768328,10.68,Rendah,Rendah
62,Central and Southern Asia,28.64782608695652,3.139542463078077,25.5,34.36,-0.43201581027667985,0.8710125056582777,True,0.018751865392928533,0.02531564088085838,25.87666666666667,-0.9400000000000013,0.7651018702069099,-0.9962703845220822,8.86,0.890409050461685,0.7447613504074505,25.59,Sedang,Sedang
64,Bhutan,85.46217391304349,4.328960568628811,79.65,91.98,-0.5692687747035574,0.7954727322787541,True,0.019631798866525628,0.012708074534161439,82.24333333333334,-2.8999999999999915,0.20433394549625172,-1.6376927134781398,12.329999999999998,0.9493464725922668,0.8863238512035011,81.01,Tinggi,Tinggi
68,Bolivia (Plurinational State of),19.594347826086963,5.609667650248547,12.73,29.17,-0.7924604743083005,0.9179917708301876,True,0.0843844381445173,0.03126058723884816,14.296666666666667,-3.580000000000002,0.4373445530973642,-1.2508354304124114,16.44,0.71370990756936,0.4556050737058621,13.29,Sedang,Sedang
70,Bosnia and Herzegovina,22.961739130434786,7.935564167475838,14.16,37.71,0.8258300395256917,0.4981768804101202,True,0.2337259327877781,0.1130807453416151,37.19,-0.46000000000000085,1.0288981472778902,-0.34488837465287503,23.55,0.654400560759024,1.925064599483204,37.25,Tinggi,Tinggi
72,Botswana,33.33217391304347,2.3971137124044883,29.3,38.46,-0.08487154150197633,0.05766399664147571,False,0.036792424016182226,0.051288819875776444,35.333333333333336,-0.7299999999999969,0.4493816952823352,-0.3973980794326213,9.16,0.9280840872048116,0.9079563182527302,34.92,Tinggi,Tinggi
76,Brazil,45.4991304347826,2.3439766385809904,41.34,50.0,0.1499308300395256,0.1882058699216762,True,0.03540863930248087,0.0008342744212308688,48.31666666666666,-1.5900000000000034,-0.12594476827271436,-0.6777657357724411,8.659999999999997,0.9484830453641132,1.1345207405671431,48.41,Tinggi,Tinggi
84,Belize,31.157391304347833,5.606900146160252,23.91,46.74,0.27456521739130424,0.11030703874952004,False,0.17045138652167602,-0.043942405420666575,31.036666666666665,1.7800000000000011,1.085517723582194,1.4428162028194977,22.830000000000002,0.8200459052752005,0.8920405209840812,30.82,Sedang,Sedang
90,Solomon Islands,48.4304347826087,3.251596081172878,41.83,55.26,-0.18482213438735176,0.14861841023741823,False,0.031714568292587404,0.0658272162619988,49.413333333333334,1.0499999999999972,0.07400421942979511,0.19123799910644967,13.43,0.9328604813116292,0.9062613101701049,50.08,Tinggi,Tinggi
92,British Virgin Islands,0.993913043478261,0.314291976735513,0.7,1.61,0.03742094861660079,0.6521099517939403,True,0.1084329030814744,0.0041256352343308905,1.5733333333333335,0.10000000000000009,1.0315507220701865,-0.512498412446905,0.9100000000000001,0.6837832255067018,1.8505747126436782,1.61,Rendah,Rendah
96,Brunei Darussalam,0.007391304347826085,0.0091539317456032,0.0,0.03,0.0010671936758893284,0.6252144082332765,True,0.0,5.646527385657828e-05,0.023333333333333334,0.019999999999999997,1.3522829909024217,1.4867593958195613,0.03,-0.2384731185227862,1.0,0.03,Rendah,Rendah
100,Bulgaria,14.097826086956522,4.720735648104915,7.24,21.1,0.6720454545454544,0.9322572399748504,True,0.10219434122618043,0.0002724449463579248,20.456666666666667,-1.2800000000000011,0.008984440144540772,-1.6768516038318946,13.860000000000001,0.6651444258861587,2.4868255959849437,19.82,Sedang,Sedang
104,Myanmar,74.49565217391304,9.70770257723542,58.47,85.76,-1.200098814229249,0.7030058207280211,True,0.041753440829829715,-0.08390683229813695,61.553333333333335,3.280000000000001,-0.6014196415290609,-1.242374240610225,27.290000000000006,0.8696876623809883,0.7799675689160533,62.53,Tinggi,Tinggi
108,Burundi,91.08826086956523,4.784814665522504,80.21,96.04,-0.6329841897233205,0.8050323187735273,True,0.011008592277387427,-0.050069452286843646,81.97333333333331,-3.230000000000004,-0.975705075777744,-0.1542042555096237,15.830000000000013,0.9474705673393614,0.8603453823876434,80.21,Tinggi,Tinggi
112,Belarus,7.096521739130436,0.686735417462095,5.65,8.39,0.08040513833992097,0.6305892261677185,True,0.047423578776000515,9.683794466400611e-05,8.313333333333333,-0.0600000000000005,0.12462467766606604,0.04206202655679281,2.74,0.9032292941941663,1.4743362831858406,8.33,Rendah,Rendah
116,Cambodia,66.12217391304348,12.092693495180447,46.29,81.58,-1.749812252964427,0.9631515942051628,True,0.03454853096308836,-0.026321569734613314,46.48666666666666,-0.07000000000000028,-0.22048197881934423,-1.207669207298098,35.29,0.8171159116594774,0.57060554057367,46.55,Tinggi,Tinggi
120,Cameroon,80.8995652173913,3.1633102314748336,76.88,86.31,-0.36850790513833986,0.6242634051187008,True,0.014179332975373618,0.031778938452851506,79.28666666666668,0.6199999999999903,0.7115383573397639,-1.2634806328548858,9.430000000000007,0.960898303680935,0.9404184891831185,79.55,Tinggi,Tinggi
124,Canada,21.812173913043477,1.2347504588588636,19.74,24.21,0.16800395256916992,0.8516054613425542,True,0.024948759091642896,0.0012173913043477373,24.040000000000003,0.370000000000001,0.17435383973186472,-0.11387064521425216,4.470000000000002,0.9433916828381561,1.194965449160908,24.21,Sedang,Sedang
132,Cabo Verde,23.66347826086957,2.0844982145168918,20.63,27.88,-0.11497035573122526,0.1399350563406028,False,0.08182835192004541,0.012782891022021303,22.83,-2.129999999999999,0.1881311636490153,-0.9670174741601731,7.25,0.9119107431487001,0.7973457675753228,22.23,Sedang,Sedang
136,Cayman Islands,0.0056521739130434775,0.005897678246195885,0.0,0.02,0.0004347826086956521,0.2499999999999999,True,0.0,-6.945228684359139e-05,0.006666666666666667,-0.01,0.4541738827985675,-0.6160714285714279,0.02,-0.043435382019272106,1.0,0.0,Rendah,Rendah
140,Central African Republic,92.54086956521742,2.050999563502188,88.97,95.69,-0.23359683794466413,0.5967062891173104,True,0.011946131410504091,-0.02293393562958777,89.08666666666666,-0.1700000000000017,-0.6671621857635728,-0.8946503521730929,6.719999999999999,0.9778368241714352,0.9497224594363791,88.97,Tinggi,Tinggi
142,Asia,16.986521739130435,2.774067588964316,14.4,23.22,-0.3049110671936759,0.5557380478233633,True,0.031772068353069886,0.04520807453416156,16.30333333333333,0.3999999999999986,1.2391089598865594,0.3109257830492971,8.819999999999999,0.8366900751332789,0.7144702842377261,16.59,Sedang,Sedang
143,Central Asia,3.226521739130435,0.34637878236053254,2.46,3.9,-0.016264822134387343,0.10142707611122498,False,0.10293520965418883,0.0030570299265951424,2.983333333333334,0.06000000000000005,-0.2110685937278597,-0.3666712841841515,1.44,0.8926463819661468,0.8523676880222841,3.06,Rendah,Rendah
144,Sri Lanka,56.04695652173914,6.512064631954368,45.13,64.16,-0.8392885375494071,0.7640873520511483,True,0.051611403215340516,-0.005881422924901114,50.296666666666674,3.509999999999998,-0.3955661615684251,-1.4166617095994076,19.029999999999994,0.8838105575022881,0.8226309226932669,52.78,Tinggi,Tinggi
145,Western Asia,4.601739130434782,0.7795199698527353,3.44,6.1,-0.08393280632411068,0.5332941614474611,True,0.07625891017178696,0.011591191417278403,4.503333333333333,0.020000000000000462,0.6735101064626655,-0.7937502399734755,2.6599999999999997,0.830603181154451,0.7557377049180329,4.61,Rendah,Rendah
148,Chad,78.25608695652174,6.293383783517442,69.89,88.7,-0.8957707509881423,0.931929701724101,True,0.01971942852233633,0.02093224167137208,70.58999999999999,-1.9000000000000057,0.3069040908857225,-1.3051903995516718,18.810000000000002,0.9195796259655306,0.789064261555806,69.99,Tinggi,Tinggi
150,Europe,11.205652173913041,2.951988276163829,7.29,15.83,0.430800395256917,0.9796721477483611,True,0.03538421734935291,0.0017919254658384553,15.686666666666667,-0.05000000000000071,0.045947135566305926,-1.373077141840497,8.54,0.736562564110627,2.1353179972936402,15.78,Sedang,Sedang
151,Eastern Europe,5.785652173913043,1.1258040604868573,4.23,7.71,0.16342885375494073,0.9693702333900631,True,0.04259020598494017,0.0008512140033879003,7.533333333333334,-0.2699999999999996,0.0935430453954099,-1.2662983011966076,3.4799999999999995,0.8054144931900675,1.7342657342657344,7.44,Rendah,Rendah
152,Chile,28.738260869565217,3.1990050330659097,24.1,33.07,-0.42106719367588924,0.796949489247288,True,0.05763534857825783,-0.006121400338791752,25.200000000000003,-2.030000000000001,-0.20952767213969334,-1.6526338056206726,8.969999999999999,0.8886848077695,0.7876275510204082,24.7,Sedang,Sedang
154,Northern Europe,21.276521739130434,6.003335140263628,13.54,31.56,0.8646343873517787,0.9541961540157118,True,0.05042684344916636,0.025284302653867823,31.363333333333333,0.13999999999999702,0.39345892491991463,-1.1725143805033627,18.02,0.7178422669894077,2.046692607003891,31.56,Tinggi,Tinggi
155,Western Europe,12.155652173913046,3.9020831570363637,6.7,19.03,0.5714130434782609,0.9864273162226052,True,0.04093799620836281,0.002683512140033848,18.253333333333334,1.0100000000000016,0.07531045437998646,-1.158011473160057,12.330000000000002,0.6789902260110297,2.8402985074626868,19.03,Sedang,Sedang
156,China,16.28521739130435,5.674228717764377,11.38,29.82,-0.6070750988142289,0.5265371219611118,True,0.0630443402639976,0.09402823263692839,14.633333333333333,0.8599999999999994,1.4779500665345322,0.9748933625612235,18.439999999999998,0.6515718162415083,0.5087189805499664,15.17,Sedang,Sedang
170,Colombia,30.242608695652176,1.3794900816517288,26.97,32.17,0.1275,0.39295338713389283,True,0.043651858950265784,-0.01567278373800138,30.643333333333334,-1.3300000000000018,-0.6760013228447822,0.05693388772320551,5.200000000000003,0.9543858767100983,1.1015850144092219,30.58,Sedang,Sedang
174,Comoros,63.08869565217391,9.105889355171005,39.28,74.37,-0.977332015810277,0.5299041800629826,True,0.07359435696395457,-0.12160135516657283,43.76666666666667,-11.549999999999997,-1.4697884780626926,1.8999559445474405,35.09,0.8556652778910759,0.5621869185630456,39.28,Tinggi,Tinggi
178,Congo,64.6408695652174,4.917070370420579,54.53,70.99,0.3669762845849801,0.2562246939224157,True,0.06839417131085868,0.0631236589497457,70.67333333333333,-0.789999999999992,-0.46209240601679347,-0.6146764641659672,16.459999999999994,0.9239324841467417,1.0810977489978415,70.12,Tinggi,Tinggi
180,Democratic Republic of the Congo,96.43391304347828,1.2905204698120643,93.86,98.34,-0.17405138339920934,0.8367254823219366,True,0.006539410501257959,0.000792207792207462,94.78333333333335,-1.0900000000000034,-0.23711160206704654,-0.9937039828206915,4.480000000000004,0.9866175660710749,0.9583418419440474,93.86,Tinggi,Tinggi
184,Cook Islands,8.606521739130438,1.5696571967837498,6.17,12.25,-0.09387351778656126,0.16452594200572287,False,0.10661798261302685,0.024141163184641507,9.073333333333332,-1.42,0.2623111019013135,-0.007653100300809346,6.08,0.8176200276533153,0.9181034482758621,8.52,Rendah,Rendah
188,Costa Rica,36.76434782608696,3.419860212569774,32.1,42.4,-0.09325098814229249,0.034201724760817356,False,0.05621069536948353,-0.05896527385657843,34.88666666666666,-2.299999999999997,0.1545076002305903,-1.5169390273820271,10.299999999999997,0.9069788962734397,1.0349013657056145,34.1,Tinggi,Tinggi
191,Croatia,28.91652173913044,3.4500679949763993,22.66,34.07,0.40662055335968367,0.638971042810311,True,0.07372759031059166,0.0031270468661771943,32.35666666666666,-1.7399999999999984,-0.0786157529711156,-1.28898144441298,11.41,0.8806886932632809,1.141632500931793,30.63,Sedang,Sedang
192,Cuba,23.627391304347828,6.164807168989963,15.61,34.8,-0.5657806324110672,0.3874493992201217,True,0.12932372828095245,0.0885282326369285,21.05666666666667,-6.560000000000002,0.9220666500187867,-0.5552645599249346,19.189999999999998,0.7390821911069151,0.5323845483589892,18.33,Sedang,Sedang
196,Cyprus,7.950869565217393,4.3095105322609415,3.03,15.83,0.6202766798418972,0.9529559936979595,True,0.09266255471419589,0.017181818181818145,15.476666666666667,0.8100000000000005,0.42178994752595367,-1.0091803669680672,12.8,0.4579824889702978,5.1396103896103895,15.83,Sedang,Sedang
199,Least Developed Countries (LDCs),75.52913043478262,5.02526427441065,68.64,83.73,-0.7334683794466405,0.9799475046707216,True,0.00850199962924606,0.00906747600225861,69.45,-1.0,0.147551819935824,-1.4061696163577415,15.090000000000003,0.9334658793834542,0.8252717066762211,69.1,Tinggi,Tinggi
202,Sub-Saharan Africa,61.69739130434783,1.53440902864708,59.39,64.47,-0.1743379446640316,0.5938262401016066,True,0.01382631486853699,0.015362224731789928,61.583333333333336,-1.3900000000000006,0.1826401699933785,-0.9229270602583473,5.079999999999998,0.9751300825495526,0.948503179773538,61.15,Tinggi,Tinggi
203,Czechia,11.60913043478261,3.92212015142492,5.94,17.21,0.5681324110671936,0.9651952492182565,True,0.05313850320078364,-0.0016806888763411126,17.110000000000003,0.25,-0.043437661169907965,-1.5920740799816113,11.27,0.6621521160901347,2.897306397306397,17.21,Sedang,Sedang
204,Benin,53.782608695652186,7.257725174154593,43.97,70.29,-0.865899209486166,0.6547740817953688,True,0.05733614414722323,0.08931535855448916,51.46,7.459999999999994,0.6976109219742517,-0.22426941398845956,26.320000000000007,0.8650544227925986,0.7634087352397211,53.66,Tinggi,Tinggi
208,Denmark,24.596086956521734,10.057180491899322,10.73,39.37,1.4691304347826089,0.9815807993857641,True,0.05843962377714907,0.010768492377187966,39.129999999999995,-0.5799999999999983,0.11765758910569739,-1.5103329829773586,28.639999999999997,0.5911064833330073,3.6150978564771665,38.79,Tinggi,Tinggi
212,Dominica,9.852173913043476,1.7492880539385653,7.48,13.8,-0.10124505928853757,0.15409297825381535,False,0.19267987884059892,-0.0024573687182383674,8.756666666666668,0.3200000000000003,0.6869492251232915,0.17922117556524242,6.32,0.8224464905534554,0.8037974683544304,8.89,Rendah,Rendah
214,Dominican Republic,17.006521739130438,1.799706058564343,13.07,20.67,-0.23510869565217393,0.785040492899953,True,0.06699235030306147,-0.0033944099378882195,14.623333333333335,-2.84,-0.1320463212540346,-0.038536383273896746,7.600000000000001,0.8941755353522182,0.6839351125065412,13.07,Sedang,Sedang
218,Ecuador,15.328260869565218,2.428479981338707,11.52,19.76,-0.002391304347826034,4.4602426170918946e-05,False,0.09617585175768313,0.05161547148503677,18.23,-3.210000000000001,0.012798679112219177,-0.915110996602345,8.240000000000002,0.8415684595921422,0.851775604734946,16.55,Sedang,Sedang
222,El Salvador,28.08913043478261,5.496864323530675,18.63,34.76,-0.7342588932806323,0.8207789827810581,True,0.10797758815800242,-0.018611801242235992,21.42,-5.080000000000002,-0.3724888474068055,-1.4458867361824383,16.13,0.8043063548623086,0.5559534467323187,18.63,Sedang,Sedang
226,Equatorial Guinea,11.64391304347826,12.963896629111044,3.69,46.12,-1.3154743083003955,0.47364336073757024,True,0.2649056805691097,0.1870892151326938,5.5200000000000005,-1.7999999999999998,2.06410611998008,3.011519317565707,42.43,-0.11336254236045717,0.10338058887677208,4.74,Rendah,Rendah
231,Ethiopia,91.56478260869564,2.34064262653194,87.74,94.85,-0.3262154150197627,0.8935041431325302,True,0.006635277866899829,-0.011169678147939299,88.26,-0.39000000000000057,-0.4421567344115991,-1.4535734908077846,7.109999999999999,0.9744373048256475,0.9308381655245125,88.29,Tinggi,Tinggi
232,Eritrea,78.65782608695653,3.118281806207532,69.79,81.65,0.3300790513833992,0.5154220988404219,True,0.02782935587186957,-0.019634105025409663,80.59000000000002,-0.8200000000000074,-1.2625577238004362,1.2894451402212077,11.86,0.960356369336215,1.0432347961974215,80.11,Tinggi,Tinggi
233,Estonia,25.230434782608693,6.465929222583746,17.22,40.28,0.8618873517786562,0.8173290850721818,True,0.08660427142820144,0.047017221908526266,38.35333333333333,-3.270000000000003,0.9630542013032729,0.30937876841290235,23.060000000000002,0.7437250178882885,1.872975708502024,37.01,Tinggi,Tinggi
234,Faroe Islands,4.812173913043478,1.3944238188446385,2.56,7.58,0.1692292490118577,0.6775152903230708,True,0.21052256768123245,-0.005482213438735199,5.9799999999999995,2.3,0.31543002485419747,-0.4502693948629952,5.02,0.7102299617507527,2.7364620938628157,7.58,Rendah,Rendah
238,Falkland Islands (Malvinas),2.240869565217391,1.7596975800183763,0.0,4.31,0.22241106719367584,0.7348429738774168,True,0.0,-0.01289553924336538,3.2466666666666666,0.3700000000000001,-0.42997969314076145,-1.747349106282855,4.31,0.21472556576595536,1.0,3.43,Rendah,Rendah
242,Fiji,34.15260869565216,7.720759040282422,24.41,50.06,-0.9988636363636363,0.7699282240088295,True,0.13948264130894003,0.026502823263692743,27.206666666666667,1.6400000000000006,0.46179052767437906,-0.6497387866525672,25.650000000000002,0.7739335489981085,0.5327606871753895,26.67,Sedang,Sedang
246,Finland,37.61739130434783,7.019210793109349,28.35,50.17,0.9982411067193674,0.9303624239495345,True,0.04824717145268612,0.03252060982495761,49.02,2.2900000000000063,0.38407004361457353,-1.281189707966024,21.82,0.813405168467967,1.5653409090909092,49.59,Tinggi,Tinggi
250,France,12.101304347826087,2.9300035748470683,8.47,17.02,0.41562252964426877,0.925592216441307,True,0.06482460542406421,0.012271315640880813,16.763333333333332,0.129999999999999,0.28972332533415607,-1.3241755759854952,8.549999999999999,0.7578770444383194,1.836030204962244,17.02,Sedang,Sedang
258,French Polynesia,7.709565217391305,0.9410220665023052,5.87,9.49,0.022915019762845847,0.027277130965101083,False,0.11382018026920666,-0.0010290796160361505,8.113333333333333,0.41999999999999993,-0.01549685624118668,-0.5249020631884083,3.62,0.8779409681392227,1.0212264150943395,8.66,Rendah,Rendah
262,Djibouti,30.52478260869565,3.9015077150497715,23.3,36.57,-0.26025691699604747,0.20469038989081506,True,0.07796221955313128,0.012006211180124154,32.300000000000004,9.79,-0.7971133778315022,-0.6555860748470983,13.27,0.8721855691795053,1.1631679389312977,36.57,Tinggi,Tinggi
266,Gabon,84.43782608695653,5.684107794801653,72.42,91.3,0.5222727272727274,0.3883541197531565,True,0.04328107210742568,-0.0007515527950315152,91.21333333333332,0.060000000000002274,-0.7146490733189795,-0.17924289839141405,18.879999999999995,0.9326829211715139,1.2530915086562242,91.2,Tinggi,Tinggi
268,Georgia,35.77782608695652,10.87912845628635,22.53,56.76,-1.4735573122529642,0.8439246765262021,True,0.09286171468074672,0.04974703557312263,23.72,-0.9199999999999982,0.7956928548133857,-0.5647961610860448,34.23,0.695925391614206,0.4768253968253969,22.53,Sedang,Sedang
270,Gambia,55.068260869565236,5.507465719922956,47.39,62.86,-0.7458498023715413,0.8436396529309032,True,0.03876492342906182,-0.0052428006775832375,48.89333333333334,-1.8699999999999974,-0.13261587771063574,-1.5824806890730088,15.469999999999999,0.8999883847254965,0.7624880687241489,47.93,Tinggi,Tinggi
275,State of Palestine,18.52173913043478,3.9821438403474825,12.36,26.23,-0.3936264822134388,0.4494615686112283,True,0.13725122544354368,0.011349237718802904,17.320000000000004,1.259999999999998,0.602940356650297,-0.6374169211712912,13.870000000000001,0.785001623643211,0.9793926247288501,18.06,Sedang,Sedang
276,Germany,11.725217391304348,4.838868077223712,3.7,19.56,0.705691699604743,0.9783635993794327,True,0.07376275707845183,-0.009901750423489612,18.673333333333332,1.0399999999999991,-0.23790408479078395,-1.003267343532602,15.86,0.5873110138825817,5.286486486486486,19.56,Sedang,Sedang
288,Ghana,52.45652173913042,10.093529704579723,35.77,71.93,-1.4476581027667985,0.9462452485464171,True,0.05287919219195389,0.03721089779785438,38.51,-1.0399999999999991,0.3822502427421667,-0.8242811433662083,36.160000000000004,0.8075829397386376,0.5471986653691088,39.36,Tinggi,Tinggi
296,Kiribati,47.95260869565218,4.1502587185415365,41.86,56.39,-0.5532509881422925,0.8174324744260357,True,0.03520763870433649,-0.0055112930547714925,42.11,-0.38000000000000256,-0.0070982858281361735,-0.5221291735790885,14.530000000000001,0.9134508250660024,0.7648456057007126,41.86,Tinggi,Tinggi
300,Greece,13.0,5.093559212824119,7.11,21.48,0.7221739130434783,0.9246954190205322,True,0.08575022062636536,0.01713551665725576,20.86,0.9200000000000017,0.2634621068372437,-1.580500347186869,14.370000000000001,0.6081877528596831,2.686700767263427,21.01,Sedang,Sedang
304,Greenland,9.940434782608696,2.010335743693461,6.7,13.1,0.22031620553359677,0.5524761431016648,True,0.10711289372630664,0.00521852060982493,11.786666666666667,0.11999999999999922,-0.33073817285726276,-1.0651822486219356,6.3999999999999995,0.7977617893323291,1.2970620239390642,11.92,Sedang,Sedang
308,Grenada,10.548260869565217,0.3903687321438196,9.87,11.39,0.005316205533596823,0.008531223303452401,False,0.024021640331793687,-0.004255223037831793,10.143333333333333,-0.47000000000000064,0.3049787966922539,-0.2453741955301747,1.5200000000000014,0.9629921238229757,0.9408960915157292,9.87,Rendah,Rendah
316,Guam,1.8434782608695648,2.0119181455779778,0.41,6.52,0.2510474308300395,0.7162238504354892,True,0.547409450340591,0.021709203839638657,5.2,1.9399999999999995,1.0100714672103759,-0.5683856339268321,6.109999999999999,-0.09137069217673344,15.902439024390244,6.52,Rendah,Rendah
320,Guatemala,64.66608695652174,1.7838256619117412,61.27,67.36,-0.0036956521739130665,0.00019744002456479595,False,0.026939053837361004,-0.032221908526256504,63.53999999999999,-2.6699999999999946,-0.02104364329642617,-1.0978756569426866,6.089999999999996,0.972414819794012,1.0020746887966805,62.79,Tinggi,Tinggi
324,Guinea,75.49652173913043,5.202624869582357,66.26,82.79,-0.7191403162055334,0.8789012453608526,True,0.020044688856197913,-0.014588085827216603,66.99333333333334,1.3199999999999932,-0.456872423305076,-0.9568718191819725,16.53,0.9310878865709942,0.8162821596811208,67.58,Tinggi,Tinggi
328,Guyana,26.36173913043478,8.829627116688613,8.06,36.82,-1.158290513833992,0.7916042263303119,True,0.13172751576323877,-0.09021372106154733,10.886666666666668,-3.7799999999999994,-0.8472174741031218,-0.5469010139227088,28.759999999999998,0.6650590056672415,0.26495726495726496,8.06,Rendah,Rendah
332,Haiti,78.40739130434783,2.250804335810372,75.32,81.37,-0.27181818181818185,0.670871514376425,True,0.01671323576810537,-0.006706945228684495,76.26333333333334,-0.3399999999999892,-0.1464335557189521,-1.5964447968139528,6.050000000000011,0.9712934673840429,0.9433448787728848,76.26,Tinggi,Tinggi
340,Honduras,49.60217391304349,2.7535216401773384,44.25,55.24,-0.2199308300395257,0.2934628090276685,True,0.05592725250703518,-0.02347007340485619,45.923333333333325,-4.619999999999997,-0.25328617384972457,-0.04052031397362432,10.990000000000002,0.9444878838374205,0.8010499637943519,44.25,Tinggi,Tinggi
344,"China, Hong Kong Special Administrative Region",0.27956521739130435,0.34508863500252385,0.05,1.4,0.03533596837944664,0.48231471669511033,True,0.740964545146092,0.0038746470920384053,1.09,0.5599999999999999,2.3381792885242367,5.0081533846997885,1.3499999999999999,-0.2343761438659484,27.999999999999996,1.4,Rendah,Rendah
348,Hungary,11.619130434782608,4.482488060161027,4.63,17.18,0.5767885375494068,0.7616453431503394,True,0.15083551105748133,-0.036064652738565954,15.479999999999999,1.6500000000000004,-0.48347342531237997,-1.468989687937181,12.55,0.6142148428988787,3.1740812379110253,16.41,Sedang,Sedang
352,Iceland,73.35260869565218,8.262700536634664,60.68,82.92,1.1602569169960473,0.9070310160517089,True,0.023091564915250034,-0.03676228119706408,82.52,-0.710000000000008,-0.48522988853071125,-1.5043306342389593,22.240000000000002,0.8873564187619081,1.354812129202373,82.21,Tinggi,Tinggi
356,India,38.2604347826087,5.214490717101257,32.55,47.02,-0.6995256916996048,0.8278304053564127,True,0.02762435629304528,0.04404404291360817,34.82333333333333,-1.8200000000000003,0.5780615836423274,-1.3755157091319141,14.470000000000006,0.8637106256965091,0.7292156443684548,34.12,Tinggi,Tinggi
360,Indonesia,17.673913043478258,4.159664255606165,12.5,26.15,-0.5254150197628458,0.7339158082044477,True,0.08394862588044552,0.04601693958215705,16.206666666666667,-0.7700000000000014,0.5859004264100865,-0.8059557395902082,13.649999999999999,0.7646438428562317,0.5984703632887189,15.65,Sedang,Sedang
364,Iran (Islamic Republic of),0.9434782608695652,0.27731846962803963,0.44,1.54,0.013725296442687747,0.11267918791971711,False,0.27633049974285034,-0.0023740824392998417,0.9066666666666666,-0.3999999999999999,0.4663531933297959,0.006788426179193063,1.1,0.7060679815002344,1.7727272727272727,0.78,Rendah,Rendah
368,Iraq,0.9930434782608696,0.6593346148863654,0.31,2.56,-0.013191699604743078,0.01841397650598838,False,1.2696328113304807,-0.009685770750988164,0.6066666666666667,-0.31,1.104246595834611,0.5613012967564472,2.25,0.3360465787046233,1.25,0.45,Rendah,Rendah
372,Ireland,6.821739130434781,4.06755751166126,1.97,13.89,0.5888241106719367,0.9639657352876319,True,0.1130147095441734,0.013647939017504234,13.383333333333333,0.22000000000000064,0.35199424374098065,-1.2263671000598335,11.92,0.40373599255443593,6.8423645320197055,13.89,Sedang,Sedang
376,Israel,5.895652173913043,1.8711100888047387,2.88,9.08,-0.11622529644268775,0.1774845181836574,True,0.1839841236772329,-0.0004601919819311061,6.0633333333333335,0.7699999999999996,0.04967977298447636,-0.9850478854083335,6.2,0.6826288197455089,1.070469798657718,6.38,Rendah,Rendah
380,Italy,12.308260869565219,4.845820741229135,5.12,18.69,0.681284584980237,0.909243631310748,True,0.0912643295358088,-0.021145115753811557,17.513333333333332,-2.370000000000001,-0.3231652769978542,-1.6028635136400702,13.57,0.6062952522227204,3.1875,16.32,Sedang,Sedang
384,Côte d'Ivoire,68.43217391304348,7.3209599199966675,54.25,79.11,-0.6045059288537549,0.3136338307340749,True,0.044756887623555605,-0.13467476002258655,57.11000000000001,-6.880000000000003,-0.3053410176390414,-1.1195871412342666,24.86,0.8930187439420033,0.8513810420590082,54.25,Tinggi,Tinggi
388,Jamaica,8.958695652173912,2.325951035887014,4.79,12.16,0.19750000000000004,0.3316583192218375,True,0.149069504387113,-0.0017817617165443757,10.299999999999999,-3.0700000000000003,-0.2765452354359319,-1.0144341853359156,7.37,0.7403694548633761,0.9282655246252677,8.67,Rendah,Rendah
392,Japan,5.526956521739131,1.7553954094386428,3.52,9.26,0.24265810276679842,0.879017478133384,True,0.0514060792811105,0.014117730095990983,8.843333333333334,0.8100000000000005,0.907600642026348,-0.4343151849007274,5.74,0.682393845051221,2.4959568733153636,9.26,Rendah,Rendah
398,Kazakhstan,1.8582608695652179,0.4263870645947822,1.21,2.77,-0.021027667984189716,0.11187473306007374,False,0.1388003763755755,0.008283455674760036,2.0033333333333334,0.42000000000000015,0.19066318827337894,-0.5784578972664907,1.56,0.7705450986036503,0.8800000000000001,2.2,Rendah,Rendah
400,Jordan,4.265217391304348,3.0918248062286886,1.69,11.44,0.3847826086956522,0.7124574735335399,True,0.15400964157199518,0.036645962732919306,10.92,0.3000000000000007,1.458299842441005,0.7974482718597367,9.75,0.27510733391172437,5.172248803827752,10.81,Rendah,Rendah
404,Kenya,74.44782608695652,4.629633753943414,67.63,81.75,-0.6290711462450594,0.8493058034611005,True,0.01867389209983676,-0.0221823828345571,68.26333333333332,-1.1200000000000045,-0.21737858987861527,-1.471169266530552,14.120000000000005,0.9378137146874388,0.8854464983077324,68.02,Tinggi,Tinggi
408,Democratic People's Republic of Korea,12.781739130434783,4.640175008625422,8.62,24.02,0.3383201581027667,0.24453715795980424,True,0.19644222954786156,-0.04088650479954845,13.353333333333333,3.1500000000000004,1.324864118813756,0.716132948246182,15.4,0.6369684155439665,1.639908256880734,14.3,Sedang,Sedang
410,Republic of Korea,1.9008695652173913,1.141191215924986,0.7,4.14,0.16083003952569172,0.9136404705804709,True,0.12853207494727797,0.006367024280067754,3.7733333333333334,0.5399999999999996,0.5404784636655829,-1.2606844599073699,3.4399999999999995,0.39964780497999364,5.830985915492958,4.14,Rendah,Rendah
412,Kosovo,23.106086956521736,2.5042704238422866,19.75,28.27,0.008152173913043475,0.00048746367125289245,False,0.08775238228417703,0.036193958215697326,23.543333333333333,-5.280000000000001,0.4789408374178133,-0.9830966664633469,8.52,0.8916185839448054,0.7297488503714185,20.63,Sedang,Sedang
414,Kuwait,0.015217391304347827,0.026088932731470515,0.0,0.09,0.002934782608695652,0.5820993031358885,True,0.0,0.0003272162619988713,0.07333333333333333,-0.03,1.873815518822109,2.5353108456776097,0.09,-0.7144155794966338,1.0,0.06,Rendah,Rendah
417,Kyrgyzstan,26.871304347826086,3.6593967515125,22.04,36.0,-0.23134387351778657,0.18384627766352765,True,0.10307218501852693,0.06837323546019221,28.603333333333335,-1.8999999999999986,1.0084429521022853,1.1217851443978937,13.96,0.863817673152567,0.8003412969283278,28.14,Sedang,Sedang
418,Lao People's Democratic Republic,64.51782608695652,10.296958048826292,50.22,81.54,-1.421077075098814,0.8761434364233032,True,0.035351777323260225,0.06261010728402036,56.78666666666666,0.20999999999999375,0.2903695645159412,-1.1977404319146507,31.320000000000007,0.8404013483816373,0.6957321559970566,56.73,Tinggi,Tinggi
419,Latin America and the Caribbean,29.633478260869566,1.6242693705608973,27.99,34.56,0.1576778656126482,0.4334940963280682,True,0.03269840219983658,0.017795313382269924,33.166666666666664,-2.010000000000005,1.7343087034837295,2.9701543882095915,6.570000000000004,0.9451880283420623,1.1409043112513142,32.55,Tinggi,Tinggi
422,Lebanon,5.763478260869565,1.6719384740084082,3.96,11.86,0.04048418972332016,0.026970447421316556,False,0.21940517343369217,0.016256634669678173,8.346666666666666,5.6,2.2207374000977103,7.5006744978218265,7.8999999999999995,0.7099080800981187,2.430327868852459,11.86,Sedang,Sedang
426,Lesotho,48.50217391304348,7.249214350234939,33.97,56.7,-0.9689624505928854,0.8218448607895092,True,0.07951764510820272,-0.0144265951439865,38.13,-6.739999999999995,-0.3470486508512853,-1.2612704252933518,22.730000000000004,0.850538362193175,0.6497354497354497,36.84,Tinggi,Tinggi
428,Latvia,38.126521739130446,3.9494390956135117,33.07,47.23,0.4910573122529643,0.7111338550510451,True,0.06608643884529658,0.03385686053077359,44.99,3.479999999999997,0.5832305740405199,-0.4546837733691693,14.159999999999997,0.8964122895176121,1.318537130094919,47.23,Tinggi,Tinggi
430,Liberia,90.60260869565218,2.2757500609515415,86.2,94.42,0.12306324110671926,0.13451335452913404,False,0.02139184712748112,0.0254528514963292,92.70666666666666,-0.9899999999999949,-0.3641793804924791,-0.8222998859546187,8.219999999999999,0.9748820691400164,1.0068973067659295,91.97,Tinggi,Tinggi
432,Landlocked developing countries (LLDCs),41.29913043478262,1.164524534436414,38.63,43.24,0.034841897233201614,0.04117789454458875,False,0.02725412287587867,0.003972332015810199,40.99,-1.2800000000000011,-0.6125103931881359,0.24809002091321553,4.609999999999999,0.9718026863477097,0.9924555853005597,40.78,Tinggi,Tinggi
434,Libya,2.691304347826087,0.30001976219494253,2.05,3.22,-0.0019071146245059232,0.0018587102749268356,False,0.1439833571623755,0.0007089215132693474,2.85,-0.2599999999999998,-0.705669389644326,0.275897193599663,1.1700000000000004,0.8885225439340279,1.3365853658536588,2.74,Rendah,Rendah
438,Liechtenstein,53.728695652173926,2.1779583941844294,49.87,56.96,0.24511857707509882,0.582654529771085,True,0.03132435925603764,-0.002486166007905362,55.23,1.75,-0.44615579759618806,-1.1071126170645793,7.090000000000003,0.9594637768933758,1.0557924003707135,56.96,Tinggi,Tinggi
440,Lithuania,24.50695652173913,6.883121275847442,17.06,35.8,0.9654940711462449,0.9050784219437228,True,0.04400523100046516,0.02827555053642012,33.57333333333333,4.099999999999998,0.3438527945089476,-1.6147587342502903,18.74,0.7191360228781691,2.0826061663757995,35.8,Tinggi,Tinggi
442,Luxembourg,8.208695652173914,7.1371437528339445,1.28,23.5,0.9155237154150196,0.7569167927799069,True,0.29033781506405243,0.08145143986448344,21.593333333333334,2.7399999999999984,0.9396016741454234,-0.5374629631680521,22.22,0.13053863180518688,3.4508076358296624,23.5,Sedang,Sedang
446,"China, Macao Special Administrative Region",6.163043478260871,4.476177787904856,0.19,16.61,0.4993873517786563,0.5725563731906278,True,0.858317688416295,-0.011093732354601983,11.866666666666667,-0.06999999999999851,0.7426188704963869,-0.3315919007894097,16.419999999999998,0.27370660231526167,57.684210526315795,10.96,Sedang,Sedang
450,Madagascar,84.36217391304349,1.6913602823594636,81.4,87.23,-0.08863636363636375,0.12633085539634312,False,0.01917752931038112,-0.007070016939582385,84.21,-1.1400000000000006,0.08613322784338613,-0.724047783021172,5.829999999999998,0.9799512008296178,1.0198369234513813,83.8,Tinggi,Tinggi
454,Malawi,89.59739130434782,1.582174043383759,86.3,91.95,-0.14552371541501974,0.3891498520048512,True,0.008831833722802647,-0.022458215697346497,86.79666666666667,0.38000000000000966,-1.1242211288747734,0.21761415625932612,5.650000000000006,0.9823412934199237,0.9666740971912617,86.73,Tinggi,Tinggi
458,Malaysia,3.95695652173913,1.6227934243223059,1.96,7.47,0.14858695652173914,0.3856494600496799,True,0.13424456284947078,0.030149350649350693,7.19,0.09999999999999964,0.9740998978077253,-0.04765987888488965,5.51,0.5898884874254143,1.6099773242630384,7.1,Rendah,Rendah
462,Maldives,1.5478260869565215,0.3458580439447156,1.2,2.34,-0.039673913043478254,0.6053020490164652,True,0.1424793986669514,0.004307453416149075,1.4266666666666667,-0.26,1.212700487835772,0.5307310505151812,1.14,0.7765523873390883,0.5512820512820513,1.29,Rendah,Rendah
466,Mali,77.04565217391306,7.7346004339925525,59.25,85.79,-0.9344367588932805,0.6714008614660905,True,0.0407684666887106,-0.07900479954827827,62.06999999999999,0.44000000000000483,-1.034035462572771,-0.11268705365649856,26.540000000000006,0.8996101633803625,0.7631484365640351,63.7,Tinggi,Tinggi
470,Malta,3.404347826086957,3.6173116915076298,0.0,9.24,0.4940316205533597,0.8580161478280995,True,0.0,0.019120271033314516,8.646666666666668,-0.7900000000000009,0.5114358941350686,-1.531647461968127,9.24,-0.06255643556418233,1.0,8.42,Rendah,Rendah
478,Mauritania,32.53260869565218,7.711340655395618,19.61,44.41,-1.1020652173913046,0.9395343121061215,True,0.07593017393353049,-0.014744494635798902,20.87,-1.3100000000000023,-0.28876350363823794,-0.9723982312440942,24.799999999999997,0.7629658067836964,0.44156721459130827,19.61,Sedang,Sedang
480,Mauritius,13.240434782608697,4.1054171289129116,7.24,20.42,-0.5851679841897232,0.9345539244439895,True,0.06681196174721209,0.01717588932806322,8.426666666666668,-2.1899999999999995,0.4824428892409913,-1.1482944273313316,13.180000000000001,0.6899333597182644,0.35455435847208616,7.24,Rendah,Rendah
484,Mexico,10.308695652173911,1.2760140507484663,8.97,13.3,0.03861660079051383,0.04213034383671878,False,0.06111555235911255,0.029198757763975187,12.876666666666665,1.040000000000001,1.22685041268587,0.5763002902512735,4.33,0.8762196407962264,1.0928512736236649,13.3,Sedang,Sedang
496,Mongolia,2.6530434782608694,0.6826581387395537,1.53,3.98,-0.061818181818181835,0.37721047302434146,True,0.12648664315213243,0.009661208356860556,2.8866666666666667,-0.06999999999999984,0.10877961151122208,-0.7683095203079597,2.45,0.7426886727137048,0.8746081504702194,2.79,Rendah,Rendah
498,Republic of Moldova,15.23782608695652,9.187500875211704,4.27,26.07,1.1479249011857708,0.7181083860917292,True,0.6733940042680254,-0.03297346132128763,21.673333333333336,-0.9499999999999993,-0.2028402402470219,-2.019050266848769,21.8,0.3970596053018255,3.7272727272727275,21.32,Sedang,Sedang
499,Montenegro,44.028695652173916,4.178249203094766,35.81,49.34,-0.43899209486165985,0.5077881399846009,True,0.0866060926570832,-0.026032185206098436,38.336666666666666,-3.75,-0.4185635399499858,-1.1581187466733263,13.530000000000001,0.9051016810467682,0.75215290905272,35.81,Tinggi,Tinggi
500,Montserrat,0.07782608695652174,0.18554481256654884,0.0,0.66,0.016452569169960476,0.3616826270744181,True,0.0,0.002195652173913048,0.45999999999999996,-0.43000000000000005,2.3268387978729668,4.463513703673503,0.66,-1.3840953570003482,1.0,0.23,Rendah,Rendah
504,Morocco,13.629999999999997,3.307736111272812,10.45,22.36,-0.37433794466403164,0.5891472102198092,True,0.1125549726326102,0.000952286843591162,10.976666666666667,0.0,1.1738393139351782,0.8572675414079338,11.91,0.7573194342426404,0.7228047182175622,11.03,Sedang,Sedang
508,Mozambique,85.12826086956524,6.406255218835241,75.72,93.67,-0.9135573122529643,0.9354508088749423,True,0.020071364532232426,0.0053263692828906225,77.58333333333333,-4.430000000000007,0.09655847501759184,-1.516613707081929,17.950000000000003,0.9247458464040397,0.8086287911149082,75.72,Tinggi,Tinggi
512,Oman,0.024347826086956525,0.07709652078911577,0.0,0.36,0.005721343873517786,0.25332868853450036,True,0.0,0.0010132693393562983,0.17666666666666667,0.27999999999999997,4.130031675125654,18.063582293970974,0.36,-2.166464246695826,1.0,0.36,Rendah,Rendah
513,Europe and Northern America,10.420000000000002,2.4813083059327616,6.96,14.28,0.36260869565217385,0.9823648222429389,True,0.030389185953746845,0.0009892715979672167,14.17,0.03999999999999915,0.021117280076341255,-1.3540769645849533,7.319999999999999,0.761870604037163,1.9534883720930232,14.28,Sedang,Sedang
514,"Developed regions (Europe, Cyprus, Israel, Northern America, Japan, Australia & New Zealand)",10.064782608695651,2.4051098435796643,6.75,13.97,0.3517687747035574,0.9840169336267452,True,0.028559111450100306,0.002584697910784825,13.803333333333335,0.16999999999999993,0.09517332950283083,-1.3052836678204693,7.220000000000001,0.7610370797773888,1.9676056338028172,13.97,Sedang,Sedang
515,Developing regions,22.830000000000002,3.207944683268259,20.04,29.85,-0.3778458498023715,0.6381656185840584,True,0.02589521627199081,0.047102202145680484,21.636666666666667,-0.010000000000001563,1.182851372601145,0.07467970965532755,9.810000000000002,0.8594855592085738,0.7293132328308207,21.77,Sedang,Sedang
516,Namibia,31.24434782608695,3.0553720590089073,26.71,36.89,-0.325197628458498,0.5211039507472929,True,0.0685501691629096,0.007770186335403581,29.61,0.4499999999999993,0.4198553925574362,-1.2032724587732373,10.18,0.9022104069505373,0.8615995462280205,30.38,Sedang,Sedang
520,Nauru,0.3247826086956522,0.5481445526436302,0.0,1.75,0.06133399209486166,0.5759305185323378,True,0.0,0.007512987012987029,1.6033333333333335,0.4099999999999999,1.917422326738781,2.575747110066696,1.75,-0.6877275382601731,1.0,1.75,Rendah,Rendah
524,Nepal,84.34695652173912,6.440406138225791,72.16,91.31,-0.8408102766798421,0.7840203646627092,True,0.027183921425244558,-0.06187972896668596,73.03333333333333,0.7599999999999909,-0.7827112290439535,-0.892617894923617,19.150000000000006,0.9236438823187902,0.8364480688639708,73.85,Tinggi,Tinggi
528,Netherlands (Kingdom of the),5.323478260869565,3.3939298871737735,1.73,14.38,0.4571837944664031,0.834706421738054,True,0.09266622573371117,0.026934217955957115,12.426666666666668,3.6800000000000015,1.3090359933959503,1.3664368662556,12.65,0.362460083265299,8.3121387283237,14.38,Sedang,Sedang
531,Curaçao,1.1765217391304348,0.8757418086485421,0.07,2.76,0.11390316205533595,0.7781749123280555,True,1.7026422554815215,0.008063523433088662,2.69,-0.20999999999999996,0.8708351757099442,-0.7776154547703107,2.69,0.25565182561284294,36.42857142857142,2.55,Rendah,Rendah
533,Aruba,4.2465217391304355,3.737867171013744,0.18,9.11,0.511689723320158,0.8620322083616948,True,3.6579285192914557,0.0011634669678147645,8.86,-0.3999999999999986,-0.10462307642615264,-1.9377590898695383,8.93,0.11978145865346468,48.38888888888889,8.71,Rendah,Rendah
540,New Caledonia,5.885652173913043,1.4206555019905314,3.7,9.6,0.02711462450592884,0.016756660299425814,False,0.21744551399207165,0.016769621682665166,7.996666666666667,3.54,0.9715681691242523,0.75747592560794,5.8999999999999995,0.7586239451445503,1.273209549071618,9.6,Rendah,Rendah
543,Oceania (exc. Australia and New Zealand),38.30130434782609,2.8587335154317848,34.44,45.34,-0.37925889328063245,0.8096214985818646,True,0.02890172569962936,0.020625917560700188,36.04333333333333,0.35999999999999943,0.8380643448556678,0.2725936550243686,10.900000000000006,0.9253619801176812,0.7920158800176443,35.91,Tinggi,Tinggi
548,Vanuatu,40.98434782608695,10.612596643135054,24.25,55.36,-1.440671936758893,0.8477049290456391,True,0.10901557119116712,-0.017966685488424703,25.906666666666666,1.6499999999999986,0.064895751265849,-1.5181544040794177,31.11,0.7410573253924019,0.5568801778136997,27.56,Sedang,Sedang
554,New Zealand,27.896956521739124,1.4826126656026963,24.53,30.4,0.15652173913043474,0.5126863437382837,True,0.046861741087303704,-0.010185206098249714,29.03333333333333,2.25,-0.35552624149705375,-0.23126983778833843,5.869999999999997,0.9468539636412543,1.1541381928625665,30.4,Sedang,Sedang
558,Nicaragua,52.63217391304347,2.3240109460736966,48.91,58.42,-0.23801383399209494,0.48248730787929,True,0.028155710756737336,0.003999717673630446,50.873333333333335,-2.240000000000002,0.5590893603373985,0.3824035340673415,9.510000000000005,0.9558442911760908,0.8560424512153372,50.01,Tinggi,Tinggi
562,Niger,82.52434782608695,4.318698063586627,72.71,87.74,-0.4597035573122531,0.521204163967541,True,0.0280343995300768,0.03405364201016393,79.78666666666668,-4.039999999999992,-0.3149862268603782,-0.7260730614774209,15.030000000000001,0.9476675892951264,0.8887240356083086,77.87,Tinggi,Tinggi
566,Nigeria,56.05347826086957,4.283913470707121,49.68,65.12,-0.41790513833992105,0.43775576436118435,True,0.048291899941092,-0.028683794466403362,52.35999999999999,-2.6799999999999997,0.32982112447098844,-0.8376089276195455,15.440000000000005,0.9235745291171755,0.8527556440903054,51.37,Tinggi,Tinggi
570,Niue,1.3756521739130434,0.8956096252221241,0.57,3.08,0.10867588932806323,0.6773088224852455,True,0.4298777171374537,0.007801806888763422,2.9599999999999995,-0.28000000000000025,1.2378032762091382,-0.10517459460926748,2.5100000000000002,0.3489563407045242,4.666666666666667,2.8,Rendah,Rendah
578,Norway,58.09173913043479,1.7437359375097043,55.74,61.67,0.06981225296442685,0.07373262615800195,False,0.02078246258156357,0.03551242236024815,60.916666666666664,-0.5600000000000023,0.41164911899973095,-1.00730840468893,5.93,0.969983065344378,1.001329345297441,60.26,Tinggi,Tinggi
580,Northern Mariana Islands,0.08130434782608696,0.21669635957478478,0.0,0.69,0.018656126482213434,0.3409553864260014,True,0.0,0.0030920383963862295,0.6233333333333334,0.17999999999999994,2.434433355514348,4.454960776250305,0.69,-1.665249342363663,1.0,0.69,Rendah,Rendah
583,Micronesia (Federated States of),1.5469565217391303,0.3319287270513013,0.86,2.05,0.03785573122529644,0.5983171200864124,True,0.2238189531304353,0.0014599096555618248,1.9266666666666665,0.15999999999999992,-0.19812138343856706,-0.7416279916003514,1.19,0.7854311207931441,1.6141732283464565,2.05,Rendah,Rendah
584,Marshall Islands,14.311304347826088,3.045108304310413,11.32,19.57,-0.41389328063241115,0.8498242040267944,True,0.03688899917909009,0.02411857707509881,11.729999999999999,0.0600000000000005,0.6603876594326243,-1.336540243096756,8.25,0.7872235660495215,0.5968318855390904,11.68,Sedang,Sedang
585,Palau,0.20260869565217393,0.26756846857485667,0.0,0.59,0.03410079051383399,0.7471655842363345,True,0.0,0.0021916996047430864,0.58,0.0,0.6466694475216094,-1.60835259741438,0.59,-0.32061690498319795,1.0,0.58,Rendah,Rendah
586,Pakistan,45.45956521739131,4.402601997435845,37.83,51.78,-0.5948122529644269,0.839650965442118,True,0.03410966080083986,-0.017057312252964706,38.07333333333333,0.21000000000000085,-0.4679344670500058,-0.8713737968750341,13.950000000000003,0.9031534512839653,0.743549648162627,38.04,Tinggi,Tinggi
591,Panama,23.533043478260865,3.0680811811924653,18.88,28.71,-0.10038537549407121,0.04924532791394734,False,0.14440003764712733,0.05545143986448344,26.849999999999998,-2.099999999999998,0.3459223228919673,-1.1479165085341854,9.830000000000002,0.8696266726389781,0.9407300325262017,26.03,Sedang,Sedang
598,Papua New Guinea,56.02608695652174,4.232240690795141,50.78,66.38,-0.5893774703557312,0.8920807660159727,True,0.018884306857880107,0.022568322981366656,51.26333333333333,-0.6099999999999994,0.8239066638251012,0.23915210424469935,15.599999999999994,0.9244594630697748,0.7649894546550167,50.78,Tinggi,Tinggi
600,Paraguay,64.18521739130436,3.495846717002149,58.95,70.41,-0.481907114624506,0.8741374850287283,True,0.02667193172426586,0.011063523433088552,60.69333333333333,-0.7299999999999969,0.2387879060380825,-1.153811408334807,11.459999999999994,0.9455350178890918,0.8691947166595655,61.2,Tinggi,Tinggi
604,Peru,32.69478260869566,5.166627060071746,25.94,41.23,-0.7005731225296441,0.845766631012144,True,0.05877989667632811,0.027069452286843643,28.58,-5.68,0.389140136976765,-1.4104814279293163,15.289999999999996,0.8419739589062872,0.6725434275343531,25.94,Sedang,Sedang
608,Philippines,31.166521739130438,2.4843521355872316,26.86,34.14,-0.24979249011857704,0.4650399676214707,True,0.03862846487217357,-0.027013269339356345,28.13,-1.5700000000000003,-0.4516834079883811,-1.305472577118283,7.280000000000001,0.9202877961043674,0.8081909251620507,27.43,Sedang,Sedang
616,Poland,10.49391304347826,3.2669428844527846,6.93,16.35,0.45571146245059296,0.895065160469942,True,0.08281164809812218,0.01774872953133824,15.893333333333333,0.21000000000000085,0.6043393809926472,-0.965295346683098,9.420000000000002,0.6886821082929481,2.3593073593073597,16.35,Sedang,Sedang
620,Portugal,25.453913043478263,4.375373998695254,18.07,32.35,0.5701284584980236,0.7810393375945608,True,0.10873998456649016,-0.007634952004517272,31.709999999999997,0.120000000000001,-0.12831257156749956,-1.1278092351270597,14.280000000000001,0.8281060365366377,1.563121272365805,31.45,Tinggi,Tinggi
624,Guinea-Bissau,90.26695652173912,5.023718683118573,80.98,97.06,-0.6772430830039523,0.835980917299244,True,0.024472623288798564,-0.022241953698476227,81.22666666666667,-0.07000000000000739,-0.7126251324639022,-0.16916131840627902,16.08,0.9443459835503737,0.8355670103092783,81.05,Tinggi,Tinggi
626,Timor-Leste,29.44782608695652,14.703381168512271,10.94,48.25,-2.113774703557312,0.9506940856987731,True,0.0853530850911087,9.712027103325213e-05,11.473333333333334,-0.46000000000000085,-0.03793749152285681,-1.7756863950965043,37.31,0.5006972288856013,0.22673575129533677,10.94,Rendah,Rendah
630,Puerto Rico,1.1800000000000002,0.8296001227316468,0.4,2.57,0.10802371541501973,0.7799350493468123,True,0.41659334839138495,0.00666459627329193,2.5266666666666664,0.08999999999999986,0.6510747058939141,-1.340998917653033,2.17,0.2969490485325028,4.636363636363636,2.55,Rendah,Rendah
634,Qatar,0.07869565217391307,0.05879891370564959,0.03,0.3,0.0009189723320158099,0.011236319985033823,False,2.002548352538748,0.0004299830604178437,0.12666666666666668,0.25,2.662653045750051,8.83815972402475,0.27,0.2528314832983757,3.75,0.3,Rendah,Rendah
642,Romania,20.733478260869564,3.534349121891472,13.39,24.4,0.4625197628458498,0.7877701611291444,True,0.07493322865674984,-0.028577922077922223,23.71666666666667,-0.5599999999999987,-0.7482212477590077,-0.839556546166977,11.009999999999998,0.829534192120486,1.4355528405620035,23.5,Sedang,Sedang
643,Russian Federation,3.425217391304348,0.17235981300274122,3.19,3.75,-0.006324110671936758,0.061927667999966095,False,0.06712519369130236,0.0012298136645962517,3.5766666666666667,-0.3500000000000001,0.2342429623047167,-1.3339930094659116,0.56,0.9496791609664502,0.9714285714285714,3.4,Rendah,Rendah
646,Rwanda,86.70478260869567,3.496626776513223,79.37,90.63,-0.3565711462450593,0.4783564871596579,True,0.011029643414821294,-0.059868718238283915,80.32666666666667,-1.8299999999999983,-0.8015186612444247,-0.37676634806042175,11.259999999999991,0.959672042633522,0.9206038257663056,79.89,Tinggi,Tinggi
652,Saint Barthélemy,0.02565217391304348,0.025730435984809497,0.0,0.06,0.003339920948616601,0.7750610583446408,True,0.0,3.9525691699601994e-06,0.05000000000000001,0.0,0.058072979068237336,-1.9762531037774886,0.06,-0.003050894323082032,1.0,0.05,Rendah,Rendah
654,Saint Helena,9.59304347826087,2.633268682183641,3.94,14.58,0.2424802371541502,0.3900499080163358,True,0.44045494864656315,0.0008585544889892214,11.886666666666668,-1.9900000000000002,0.06895009648267737,-0.23731536228900962,10.64,0.72550226753887,1.4463276836158192,10.24,Rendah,Sedang
659,Saint Kitts and Nevis,7.322608695652173,10.806959549455033,0.01,26.37,-1.1735573122529646,0.5424495927627229,True,20.47312556274782,0.13486956521739174,1.5766666666666669,-0.09000000000000008,1.1762159459947428,-0.636115831480792,26.36,-0.4758346374389373,0.05726204019719378,1.51,Rendah,Rendah
660,Anguilla,0.3582608695652173,0.257040007036631,0.14,0.81,0.031017786561264825,0.6698506593731717,True,0.3880002116107506,0.0029505928853754988,0.7799999999999999,-0.07000000000000006,0.7976724841413145,-1.2169442073294094,0.67,0.28253396094144245,3.2173913043478257,0.74,Rendah,Rendah
662,Saint Lucia,14.510434782608698,4.467244908788729,9.71,24.05,-0.6327272727272727,0.9228081373460216,True,0.03388938207357166,0.02992377188029359,9.83,-0.22000000000000064,0.7500906027613922,-0.6313243926046277,14.34,0.6921356957447691,0.4066528066528066,9.78,Rendah,Rendah
663,Saint Martin (French Part),0.056521739130434796,0.08710540613909176,0.0,0.3,0.006916996047430831,0.2900699009263295,True,0.0,-0.0002247317899491827,0.10666666666666667,0.009999999999999995,1.5606815218557502,1.5848203691410223,0.3,-0.5410956470762385,1.0,0.11,Rendah,Rendah
666,Saint Pierre and Miquelon,1.0869565217391306,0.42505010167368074,0.41,1.86,0.019723320158102773,0.09904615751179559,False,0.472773932304976,-0.006447769621682683,1.1633333333333333,0.11999999999999988,-0.281710461066007,-0.8437574216372581,1.4500000000000002,0.6089539064602139,2.8095238095238093,1.18,Rendah,Rendah
670,Saint Vincent and the Grenadines,5.292608695652174,0.9871410389757078,3.31,8.49,-0.07863636363636364,0.29190817744926856,True,0.1746543358467586,0.01299943534726145,5.113333333333334,-0.15000000000000036,1.1534309788801473,4.5163451328695485,5.18,0.8134868652226954,0.5983510011778563,5.08,Rendah,Rendah
678,Sao Tome and Principe,44.46391304347826,5.749617962905674,38.06,55.47,-0.7244466403162053,0.7302854697503367,True,0.05926255304441441,0.06249520045172238,41.449999999999996,0.6100000000000065,0.7421282685232056,-0.6404738676105852,17.409999999999997,0.870690239132046,0.7677690480540837,42.02,Tinggi,Tinggi
682,Saudi Arabia,0.022608695652173914,0.03466952962739732,0.01,0.16,0.00291501976284585,0.3251958087949538,True,0.5546787556363019,0.0004949181253529088,0.10000000000000002,0.09,3.3075691158836094,11.71371079022792,0.15,-0.5334599642887274,16.0,0.16,Rendah,Rendah
686,Senegal,41.35565217391304,5.724379939495596,29.12,51.31,-0.540691699604743,0.41039336867065257,True,0.0928202181742864,-0.058223037831733694,33.440000000000005,-9.55,-0.13353330486870696,-0.368221226755328,22.19,0.8615816789583478,0.6127946127946128,29.12,Sedang,Sedang
688,Serbia,19.784782608695654,3.5901087215307372,14.03,27.17,0.36763833992094863,0.4823743682937025,True,0.12097646538707957,0.038283738001129296,26.046666666666667,-0.9699999999999989,0.23162432941203648,-0.4337957731306594,13.140000000000002,0.8185419171624944,1.1317338162064283,25.0,Sedang,Sedang
690,Seychelles,1.1743478260869564,0.3014182549662138,0.71,1.91,0.02058300395256917,0.21450441932924588,True,0.21394940112991798,0.005071993224167143,1.6566666666666665,0.5699999999999998,0.6585911378437161,0.24485512733462356,1.2,0.7433313637829353,1.256578947368421,1.91,Rendah,Rendah
694,Sierra Leone,80.75434782608696,7.069612838883017,70.53,93.32,-0.9876877470355733,0.897854373446433,True,0.02318088498795333,0.009382834556747464,71.88,-3.3699999999999903,0.08456970497632635,-1.4726606877020814,22.789999999999992,0.9124553286702509,0.7594299185597944,70.87,Tinggi,Tinggi
702,Singapore,0.6469565217391304,0.22794406775284903,0.33,1.34,0.02588932806324111,0.5933935221524129,True,0.18545004873564783,0.0029734613212874152,1.116666666666667,0.43000000000000005,1.684406487378238,3.0876246885730794,1.01,0.6476670995755693,4.0606060606060606,1.34,Rendah,Rendah
703,Slovakia,12.591304347826087,5.570081853770868,3.73,18.85,0.7482509881422922,0.8300978235763451,True,0.19926108304102763,-0.030499435347261572,17.583333333333332,-0.4200000000000017,-0.3481109768715284,-1.8199759020378705,15.120000000000001,0.5576247146521756,4.616621983914209,17.22,Sedang,Sedang
704,Viet Nam,36.89826086956521,11.173914692945235,19.08,57.73,-1.5893972332015809,0.9307049723651346,True,0.09969784281200823,0.029896950875211874,22.8,5.680000000000003,0.21896529817171928,-0.8047833875129764,38.65,0.6971696109893946,0.4288931231595358,24.76,Sedang,Sedang
705,Slovenia,19.718695652173913,2.0006846654170127,16.31,23.39,0.23452569169960477,0.6320936040654156,True,0.07008089933255643,-0.004377752682100527,22.023333333333337,-2.719999999999999,0.22379621063255767,-0.796357663412286,7.080000000000002,0.8985386913664117,1.1124721603563474,19.98,Sedang,Sedang
706,Somalia,91.40217391304348,0.7245371972491319,89.43,92.62,-0.09879446640316197,0.8552669658058877,True,0.0030656107404593404,-0.0016950875211749717,90.05666666666667,-0.8999999999999915,-0.7614927595872619,1.2656035362526987,3.1899999999999977,0.9920730857239957,0.9655581947743468,89.43,Tinggi,Tinggi
710,South Africa,7.028695652173913,1.3955002503104759,5.61,10.4,-0.12361660079051386,0.36095377534343637,True,0.05847027783981072,0.02722303783173351,7.3566666666666665,0.5500000000000007,1.2893822205724683,0.894483477433238,4.79,0.801456725490901,0.739423076923077,7.69,Rendah,Rendah
716,Zimbabwe,62.46434782608696,4.518085702924672,50.01,68.3,0.37789525691699594,0.3218042564822641,True,0.05070690213871106,-0.040822416713721395,66.16666666666667,-4.919999999999995,-1.3452488408257248,1.8021756312003747,18.29,0.9276693688453466,1.2673465306938614,63.38,Tinggi,Tinggi
722,Small island developing States (SIDS),19.45913043478261,2.5110010916392365,16.62,25.11,-0.30528656126482207,0.6799537961028126,True,0.038228322418298974,0.029411914172783844,17.603333333333335,-2.009999999999998,1.27433888452812,0.2389535230168689,8.489999999999998,0.870960262070555,0.6618876941457588,16.62,Sedang,Sedang
724,Spain,13.271739130434783,4.268611283835777,7.3,19.34,0.5891699604743081,0.8763262216643231,True,0.11116192355323624,-0.006437605872388561,18.826666666666664,-1.1600000000000001,-0.18509448162158737,-1.6948409306415564,12.04,0.6783683553538973,2.3071065989847717,18.18,Sedang,Sedang
729,Sudan,66.30565217391305,6.959893433148997,58.88,80.68,-0.8896047430830037,0.7515308819370521,True,0.028080935181020852,0.07510333145115741,62.01666666666667,-0.010000000000005116,0.9763145989912169,-0.47760758078092547,21.800000000000004,0.8950331803555164,0.7756569162121962,62.58,Tinggi,Tinggi
740,Suriname,19.270434782608692,5.275992348072256,11.1,27.79,-0.6325395256916995,0.6611878355061838,True,0.16038701690884047,-0.0031708074534162085,13.746666666666668,-1.7400000000000002,-0.021797500888998504,-1.4127402893393506,16.689999999999998,0.7262131131138895,0.5429538721963606,12.83,Sedang,Sedang
747,Northern Africa and Western Asia,6.478260869565218,1.0925268965855466,5.16,8.44,-0.13251976284584982,0.6767914391841658,True,0.051593211761445046,0.013221626199887081,6.06,-0.0699999999999994,0.7154249716393231,-1.0216660041681926,3.2799999999999994,0.8313549085807546,0.7239336492890996,6.11,Rendah,Rendah
748,Eswatini,66.37608695652175,2.3532487005500102,60.06,69.26,0.15611660079051368,0.20245119740726852,True,0.02762939509960519,-0.035752964426877705,67.42,-2.1400000000000006,-1.4070378453594758,1.9907963811617595,9.200000000000003,0.9645467395194378,1.1028971028971029,66.24,Tinggi,Tinggi
752,Sweden,46.14652173913044,7.4035363839277695,34.56,59.65,1.0553952569169955,0.9347805722461595,True,0.04313869856137312,0.01727498588368137,58.333333333333336,2.019999999999996,0.12688328674357915,-0.9183997799002408,25.089999999999996,0.8395645846120215,1.497990959316926,59.65,Tinggi,Tinggi
753,Eastern and South-Eastern Asia,14.709565217391305,2.9579453530216635,11.71,21.61,-0.29176877470355733,0.44756401605219404,True,0.04438202919181076,0.05368859401468111,14.506666666666666,0.8499999999999996,1.289951449169049,0.6169313057979755,9.899999999999999,0.7989100759059522,0.6941230911614993,15.0,Sedang,Sedang
756,Switzerland,21.56086956521739,3.109283625536857,18.02,27.67,0.4417391304347826,0.9284721814228881,True,0.03561468444706325,0.014359119141727794,26.743333333333336,-0.120000000000001,0.4629431596163135,-1.1307810915061425,9.650000000000002,0.8557904347905874,1.4422442244224423,26.22,Sedang,Sedang
760,Syrian Arab Republic,1.5908695652173914,0.6350655874752283,0.57,3.08,-0.045662055335968385,0.23781080526048046,True,0.4012855398568463,-0.0015033879164314042,1.1433333333333333,0.15999999999999992,0.616196450380452,-0.0878291344291049,2.5100000000000002,0.6008059985807529,0.61,1.22,Rendah,Rendah
762,Tajikistan,52.93347826086956,10.141401467026883,34.89,64.58,-1.3941897233201581,0.8693719729563401,True,0.06448778306815667,-0.05571880293619443,36.766666666666666,-2.0900000000000034,-0.4425732929599193,-1.3620404016494607,29.689999999999998,0.8084123356291175,0.5874058644448005,36.66,Tinggi,Tinggi
764,Thailand,21.77130434782609,1.607090268290734,19.24,24.39,0.06450592885375493,0.07410995604613002,False,0.0480902119118929,-0.025929983060417997,19.836666666666666,-1.6900000000000013,-0.15724675478756872,-1.3506782660359198,5.150000000000002,0.9261830966755464,0.8848623853211008,19.29,Sedang,Sedang
768,Togo,75.80608695652175,4.9578832902124255,63.38,82.05,-0.0918181818181818,0.01577693406829892,False,0.05400297741438455,0.022402032749858688,72.95333333333333,0.29999999999999716,-0.9780724145788614,0.6662607460372403,18.669999999999995,0.9345978207125241,0.9465698353002204,72.99,Tinggi,Tinggi
776,Tonga,1.9404347826086954,0.47383808378418546,0.96,2.7,-0.019249011857707506,0.07591276061213138,False,0.2120071889783762,0.007856013551665741,2.3433333333333333,-0.46999999999999975,-0.5047379718212364,-0.2675158708568781,1.7400000000000002,0.7558082920224901,0.8387096774193549,2.08,Rendah,Rendah
780,Trinidad and Tobago,0.48652173913043484,0.11625241720467085,0.35,0.76,-0.012322134387351781,0.516803837686647,True,0.09148180520059636,0.0018670242800677623,0.45999999999999996,-0.03999999999999998,1.0393767579556312,0.25984559822663567,0.41000000000000003,0.7610540128947785,0.5789473684210527,0.44,Rendah,Rendah
784,United Arab Emirates,0.25869565217391305,0.3336343173408723,0.06,1.21,0.03550395256916996,0.520918534680479,True,0.309642250403224,0.004720214568040663,1.0333333333333334,0.33999999999999997,2.0377070350455617,2.953661833576179,1.15,-0.2896788737546323,15.125,1.21,Rendah,Rendah
788,Tunisia,13.304347826086959,1.1805346480878776,11.52,16.07,-0.1420256916996048,0.6657852692293266,True,0.059135535399763364,-0.004945511010728443,12.016666666666666,-1.2200000000000006,0.32534905781075063,-0.44701855083630404,4.550000000000001,0.9112670035750942,0.8089887640449438,11.52,Sedang,Sedang
792,Türkiye,14.01608695652174,1.9720034554884782,11.4,18.12,-0.21077075098814235,0.5254884493762908,True,0.10010315865999835,0.024915302089215125,13.183333333333335,0.08999999999999986,0.762719804665917,-0.4028375130961419,6.720000000000001,0.8593042793180662,0.7987275882012724,13.81,Sedang,Sedang
795,Turkmenistan,0.06695652173913044,0.019172608920184128,0.03,0.1,-0.0026679841897233204,0.8907624633431085,True,0.13822435282424533,1.129305477131527e-05,0.04,-0.020000000000000004,0.052878817328052635,-0.8089581289331544,0.07,0.7136558408024449,0.3,0.03,Rendah,Rendah
796,Turks and Caicos Islands,0.4134782608695652,0.10739090428947264,0.33,0.76,0.008231225296442686,0.27024135556677203,True,0.13105038688229684,0.0019483342744212335,0.6466666666666666,0.16000000000000003,2.286572358784106,5.128476026243341,0.43,0.7402743639686782,1.488888888888889,0.67,Rendah,Rendah
798,Tuvalu,2.15304347826087,2.8462182801084874,0.02,7.27,0.3489130434782608,0.6912829326544827,True,2.057914072775678,0.0206685488424619,5.736666666666667,-0.79,0.8516958840274259,-1.2044959142285965,7.25,-0.32195113979190637,138.0,5.52,Rendah,Rendah
800,Uganda,93.20260869565219,1.7366718887031751,90.52,95.62,-0.24652173913043463,0.9268996720290559,True,0.004919603313391094,-2.2021456804144832e-05,91.29,-0.35999999999999943,-0.12676279145342828,-1.3997762518302155,5.1000000000000085,0.9813667030031941,0.9579179347255745,91.28,Tinggi,Tinggi
804,Ukraine,4.004782608695653,2.9992678948600675,0.99,11.65,0.40831027667984193,0.8525265946249622,True,0.1448283942836953,0.02570892151326937,9.79,2.9299999999999997,1.1026834632119593,0.3997357904558263,10.66,0.2510784759333238,9.32,11.65,Sedang,Sedang
807,North Macedonia,18.95217391304348,2.3385464726498557,14.63,23.91,0.16515810276679843,0.22943812911887648,True,0.13328341669653448,-0.015364201016375093,19.636666666666667,-0.8200000000000003,-0.05368507818672503,-0.1838286451361575,9.28,0.8766080090136575,0.9907120743034056,19.2,Sedang,Sedang
818,Egypt,6.111739130434782,0.9703778653602045,4.93,8.26,-0.09652173913043484,0.45512044500934434,True,0.06769215194156708,0.01644776962168269,6.18,0.040000000000000036,0.8375815823927724,-0.3121675415047611,3.33,0.8412272113304069,0.7578692493946732,6.26,Rendah,Rendah
826,United Kingdom of Great Britain and Northern Ireland,5.398260869565218,4.4660167855544115,0.85,13.81,0.6295454545454545,0.9140528661038445,True,0.11511435832511913,0.029928289102202174,13.303333333333333,-0.23000000000000043,0.7036798035384813,-0.9092140113211582,12.96,0.17269341118112547,14.145833333333334,13.58,Sedang,Sedang
831,Guernsey,0.19782608695652174,0.4910744853865128,0.0,1.59,0.04390316205533597,0.3676670349499057,True,0.0,0.006728684359119155,1.4266666666666667,-0.33000000000000007,2.3650274815296353,4.105712932139932,1.59,-1.4823545415142405,1.0,1.26,Rendah,Rendah
832,Jersey,9.82521739130435,6.5827438804838385,0.0,19.61,0.8036758893280631,0.6856552324602735,True,0.0,0.03064370412196502,19.23,-0.2699999999999996,0.2113981494146441,-1.4392134040935596,19.61,0.3300154471584731,1.0,19.34,Sedang,Sedang
833,Isle of Man,2.2708695652173914,1.0703224367344053,1.12,6.28,-0.002608695652173919,0.00027325958314802746,False,1.029315871469357,-0.0032162619988707047,2.4099999999999997,0.010000000000000231,2.596149370695725,8.666067495155552,5.16,0.5286728691385923,1.3783783783783785,2.04,Rendah,Rendah
834,United Republic of Tanzania,86.58695652173914,5.130425673268527,77.45,93.64,-0.7394268774703558,0.9555237734200441,True,0.010679507801394188,-0.013948616600790841,78.93333333333334,-3.489999999999995,-0.26449283647415966,-1.3820226620824498,16.189999999999998,0.9407482849685282,0.8271038017941051,77.45,Tinggi,Tinggi
840,United States of America,7.908695652173915,2.1016580128941187,4.68,11.27,0.3067588932806324,0.9800044783705077,True,0.05376816541522974,0.0006640316205533224,11.043333333333331,0.3099999999999987,-0.008014252414190839,-1.3057114128433773,6.59,0.7342598444388966,2.0755064456721914,11.27,Sedang,Sedang
850,United States Virgin Islands,2.7752173913043476,2.426214540399804,0.5,6.19,0.3288339920948617,0.8449924707197644,True,0.21665811932831658,0.012496329757199325,5.97,0.23000000000000043,0.4180442249724881,-1.8197127757374134,5.69,0.12575694141946592,12.24,6.12,Rendah,Rendah
854,Burkina Faso,79.20478260869567,4.577440600443973,70.47,85.45,-0.5971739130434781,0.7829139879377852,True,0.016764977031502388,-0.04394071146245117,71.45333333333333,-2.489999999999995,-0.6272468577288355,-0.8304320457017091,14.980000000000004,0.9422075227065716,0.8399284862932062,70.47,Tinggi,Tinggi
858,Uruguay,50.18304347826087,8.411407532621512,37.6,61.21,1.1332509881422923,0.8349735041297367,True,0.07193302715683343,-0.0018664596273294991,58.84,-3.740000000000002,0.0041496128585545135,-1.668814408874672,23.61,0.8323854643000019,1.4838626387813065,57.47,Tinggi,Tinggi
860,Uzbekistan,1.2234782608695653,0.3198807831286834,0.72,1.74,0.023280632411067193,0.24365261552518916,True,0.28823419324032973,-0.0018481084133258096,1.14,0.3599999999999999,0.022159151375427108,-1.3050334583847851,1.02,0.7385480450618438,1.9305555555555556,1.39,Rendah,Rendah
862,Venezuela (Bolivarian Republic of),16.0604347826087,4.80434129271818,11.93,31.35,0.3389229249011858,0.22892436609485922,True,0.24105774425770404,0.05288057594579342,27.156666666666666,-7.419999999999998,2.488308460339489,5.763612389456739,19.42,0.7008585783791708,1.3963374754741662,21.35,Sedang,Sedang
876,Wallis and Futuna Islands,3.8247826086956516,0.32705114369603633,3.38,4.67,-0.028181818181818176,0.34155803363718645,True,0.05824304909658614,0.0010886504799548194,3.4633333333333334,-0.11000000000000032,1.3525527344758628,1.4819696825531876,1.29,0.9144915732066746,0.8688946015424164,3.38,Rendah,Rendah
882,Samoa,42.19782608695652,7.4567632245204925,30.54,59.69,-1.0626185770750987,0.9341399240825269,True,0.0505877784234468,0.018239695087521192,32.04333333333333,-2.0900000000000034,0.444916491463528,-0.19646117135805907,29.15,0.8232903465416812,0.5319148936170213,31.75,Tinggi,Tinggi
887,Yemen,1.644782608695652,1.2301214632016015,0.7,4.12,0.15238142292490117,0.7058718922962284,True,0.34106563107904125,0.01484895539243367,3.936666666666666,0.43999999999999995,0.9989091464280766,-0.6829805662031796,3.42,0.252106961310155,4.336842105263158,4.12,Rendah,Rendah
894,Zambia,85.99130434782607,3.0222602985601634,81.27,90.2,-0.4186857707509882,0.8828166232472542,True,0.009402149711257062,-0.010847826086956568,81.75333333333333,-1.3700000000000045,-0.2179949060094115,-1.677266784845431,8.930000000000007,0.9648538846865792,0.9113427482627214,81.31,Tinggi,Tinggi
